ID,Label
13170.pkl,3.1840782
18025.pkl,2.9181347
16746.pkl,2.908063
17458.pkl,3.565788
14151.pkl,3.5181084
21101.pkl,2.9268548
13819.pkl,3.023024
14810.pkl,3.5550046
21673.pkl,3.6875281
21883.pkl,2.925557
13831.pkl,3.5424995
15298.pkl,2.9073308
14192.pkl,3.2179966
17672.pkl,3.3297293
13372.pkl,2.9610548
18555.pkl,3.121204
17128.pkl,2.5292244
20790.pkl,2.963235
22187.pkl,2.9430954
14353.pkl,2.4211416
15918.pkl,2.405012
16593.pkl,2.955923
19878.pkl,2.9075532
12093.pkl,3.29596
12087.pkl,2.9787965
13399.pkl,2.935351
17841.pkl,2.979209
17699.pkl,3.0336819
11411.pkl,3.120001
19059.pkl,3.1539445
13574.pkl,3.4013147
10733.pkl,3.5857892
19071.pkl,3.2464082
16342.pkl,3.579136
21277.pkl,3.1225438
22018.pkl,2.4041297
21511.pkl,3.0808797
10914.pkl,3.0586946
10900.pkl,2.4041297
12681.pkl,3.2718546
14596.pkl,2.9190059
15475.pkl,3.2473607
11175.pkl,3.0628967
16168.pkl,2.9466124
18145.pkl,2.4041297
14757.pkl,2.8834026
16626.pkl,2.99099
13992.pkl,2.895121
16801.pkl,3.1562092
18838.pkl,2.476272
13789.pkl,2.8515208
12497.pkl,3.1622002
18804.pkl,3.199172
18187.pkl,2.9442744
10242.pkl,2.408832
14742.pkl,2.9936953
14756.pkl,2.9133778
19514.pkl,2.8652244
16627.pkl,2.945195
17539.pkl,3.0815945
12441.pkl,2.4041297
18622.pkl,2.8766248
13777.pkl,2.926697
10518.pkl,2.98868
17263.pkl,3.8338752
13005.pkl,3.725377
18636.pkl,2.4693432
17934.pkl,3.05647
10083.pkl,3.6926312
10097.pkl,3.2591994
12680.pkl,3.1753314
22025.pkl,2.9876368
12864.pkl,2.9801617
15886.pkl,2.8856854
13549.pkl,3.537155
15892.pkl,2.8902683
18420.pkl,2.7449121
17713.pkl,3.208476
11362.pkl,3.1469655
14568.pkl,3.0057545
16586.pkl,2.955395
14385.pkl,2.4385834
21458.pkl,2.9867322
19689.pkl,3.0361629
21302.pkl,3.2051194
17868.pkl,3.200132
13429.pkl,2.4041297
10120.pkl,2.9470208
17129.pkl,3.5511677
10646.pkl,3.1512532
19104.pkl,3.4536252
12051.pkl,3.5859976
16579.pkl,2.9356449
17667.pkl,3.303785
13373.pkl,2.9744012
18971.pkl,3.043867
11955.pkl,2.9633298
20550.pkl,3.0333884
12290.pkl,2.9543953
21114.pkl,3.2361484
21100.pkl,3.0871086
19474.pkl,2.9557693
16747.pkl,3.4869678
10450.pkl,3.237064
11996.pkl,3.1296492
14636.pkl,3.3305576
12247.pkl,2.603048
10444.pkl,2.9268184
17465.pkl,2.9568672
16009.pkl,2.9621882
18032.pkl,3.0644453
14608.pkl,3.159906
13601.pkl,2.9957888
13615.pkl,3.0692277
15264.pkl,2.8580747
18026.pkl,3.1670542
14634.pkl,2.9337602
10452.pkl,3.32967
20208.pkl,3.161998
21116.pkl,3.058789
21664.pkl,3.0481675
15700.pkl,3.270658
14378.pkl,2.9828568
17659.pkl,3.1841445
12047.pkl,2.5533051
22190.pkl,2.9036112
21499.pkl,2.7851663
17895.pkl,2.5552886
12735.pkl,3.2203445
12906.pkl,3.102868
21466.pkl,3.2423995
16584.pkl,3.0213199
21328.pkl,2.4962
10687.pkl,2.9583807
15099.pkl,3.0195498
18422.pkl,2.912629
12669.pkl,2.7770832
17077.pkl,2.980006
10718.pkl,3.1640084
11406.pkl,3.6815386
18350.pkl,3.0183187
20817.pkl,3.654812
13205.pkl,3.1852727
18436.pkl,2.8834147
18378.pkl,2.948699
10724.pkl,3.3163667
14542.pkl,3.6910956
10903.pkl,3.1777835
21506.pkl,2.989605
17936.pkl,3.8076706
14595.pkl,3.7248034
22027.pkl,2.921568
17922.pkl,3.5851336
13013.pkl,3.5521595
15304.pkl,3.0599174
16619.pkl,3.6957035
10240.pkl,2.4041297
18608.pkl,3.1660135
19516.pkl,3.0769706
21089.pkl,3.1100965
14754.pkl,3.0097704
18185.pkl,3.1029222
21062.pkl,3.6665845
21710.pkl,3.182497
14973.pkl,2.764226
21738.pkl,2.528183
20354.pkl,3.1436305
16181.pkl,3.0024006
22230.pkl,2.9458141
11822.pkl,2.7346213
21063.pkl,2.9383001
16624.pkl,2.9774206
12324.pkl,3.343557
14755.pkl,3.093423
10533.pkl,3.2120776
14027.pkl,2.956503
12456.pkl,2.6409373
17260.pkl,2.8833573
15477.pkl,2.8814726
18147.pkl,2.9109867
18621.pkl,3.181292
12683.pkl,2.6067681
21513.pkl,2.910459
21261.pkl,3.1697168
14231.pkl,3.293151
17738.pkl,2.9304023
20194.pkl,2.9706028
16426.pkl,2.6406515
20180.pkl,3.3848145
10043.pkl,3.2759097
15885.pkl,3.0956912
15675.pkl,3.1249003
20816.pkl,3.4023678
15107.pkl,2.739587
18423.pkl,2.9716365
16368.pkl,3.07086
15661.pkl,3.0100622
12091.pkl,3.199151
15098.pkl,3.3638449
17843.pkl,3.2715707
12913.pkl,3.4579954
21301.pkl,3.0871909
21315.pkl,3.017918
19107.pkl,3.0339973
14345.pkl,3.0021718
16552.pkl,3.1076121
16546.pkl,3.67489
22185.pkl,3.708618
16220.pkl,2.9621484
10679.pkl,3.0820932
16208.pkl,3.225356
11201.pkl,3.152528
13416.pkl,3.2699828
18557.pkl,3.4080672
17102.pkl,2.4041297
18231.pkl,3.039332
14184.pkl,3.7011662
13833.pkl,3.6729755
20547.pkl,2.8894155
12293.pkl,3.176065
22350.pkl,2.49149
12287.pkl,2.9541318
13827.pkl,3.2326107
14806.pkl,3.2681108
21665.pkl,3.6994796
21117.pkl,3.3773859
12250.pkl,2.4041297
22393.pkl,3.150663
19305.pkl,3.0151882
18769.pkl,3.2301989
10335.pkl,2.8482566
15265.pkl,2.9292772
19339.pkl,2.4690773
18027.pkl,3.2127612
13166.pkl,3.733002
12278.pkl,2.9984214
13638.pkl,3.226877
12240.pkl,3.2038612
10457.pkl,3.217109
17338.pkl,2.9550421
11985.pkl,3.1626072
12254.pkl,3.664503
16754.pkl,3.1290472
13162.pkl,3.189568
11761.pkl,3.1603847
11007.pkl,3.1111274
13823.pkl,3.157894
20557.pkl,2.889224
11946.pkl,3.257299
13837.pkl,2.9397755
19117.pkl,3.1249976
10655.pkl,2.9462647
12042.pkl,3.1613688
19665.pkl,3.1525006
22195.pkl,3.3259795
11577.pkl,2.4041297
18553.pkl,3.046814
17660.pkl,3.2489753
13406.pkl,2.9099221
15063.pkl,3.6753812
13412.pkl,3.2528462
17674.pkl,2.9807944
19659.pkl,3.7682085
20966.pkl,2.9277534
13374.pkl,3.4196863
22142.pkl,2.9236455
12081.pkl,2.4194899
12095.pkl,3.0442877
15922.pkl,3.26565
20769.pkl,2.8897915
10721.pkl,2.6176362
13228.pkl,3.2166486
19711.pkl,3.022748
12644.pkl,3.145362
10735.pkl,2.8905072
19077.pkl,2.9988065
11365.pkl,3.0297022
19739.pkl,2.4041297
13572.pkl,3.1715107
14209.pkl,2.71368
12678.pkl,3.0485568
18433.pkl,3.7064157
17700.pkl,2.9487703
14584.pkl,3.0173545
22036.pkl,2.7033815
20621.pkl,3.246494
17933.pkl,3.0695972
12693.pkl,2.4041297
10090.pkl,3.1589942
15856.pkl,2.7745965
17258.pkl,2.8938684
10251.pkl,2.9396448
16620.pkl,3.2517147
10279.pkl,2.9938717
13957.pkl,2.908824
10286.pkl,3.1810832
18816.pkl,3.2874377
18194.pkl,3.0121036
14976.pkl,2.9201138
21066.pkl,2.5929248
10293.pkl,3.2779722
10287.pkl,2.9564033
18803.pkl,3.145029
14787.pkl,2.9475098
18156.pkl,3.216063
13003.pkl,3.6718616
13017.pkl,3.0574014
14988.pkl,3.242652
13759.pkl,3.0208845
20387.pkl,3.6619546
12335.pkl,2.4041297
21516.pkl,2.9717727
12692.pkl,2.8936007
12645.pkl,3.1832843
19704.pkl,3.099434
12916.pkl,2.9631417
20768.pkl,2.5721831
18591.pkl,3.7861483
12902.pkl,2.9858518
20998.pkl,3.0226061
15937.pkl,3.6545472
12080.pkl,2.557715
18546.pkl,3.0946445
15062.pkl,2.5134466
18234.pkl,3.246051
11576.pkl,3.7246077
19894.pkl,3.35485
20797.pkl,3.7055032
19670.pkl,3.1843386
14803.pkl,2.869997
21884.pkl,2.894048
10481.pkl,2.4041297
13188.pkl,3.1741052
11953.pkl,3.0878816
14618.pkl,2.8850524
12269.pkl,2.9199781
18988.pkl,3.0252337
21847.pkl,3.2408836
14142.pkl,2.4436738
19472.pkl,2.943214
11990.pkl,2.612234
14630.pkl,3.6286252
12531.pkl,3.124711
10326.pkl,2.4041297
16031.pkl,3.7478147
19302.pkl,3.7284162
22394.pkl,2.9524002
11992.pkl,2.9902327
10332.pkl,2.4041297
14154.pkl,2.9296684
12525.pkl,3.0004144
11004.pkl,2.4041297
18020.pkl,3.2095752
21138.pkl,3.6447132
12294.pkl,2.4064329
21892.pkl,2.9375937
13820.pkl,2.979989
21662.pkl,3.2492707
18949.pkl,3.0036774
12055.pkl,2.427613
13439.pkl,3.1205113
20795.pkl,3.0652325
19882.pkl,3.1422737
18550.pkl,2.936617
13405.pkl,3.1009831
13363.pkl,2.468632
17105.pkl,2.9112196
10681.pkl,2.4041297
20030.pkl,2.9044003
10695.pkl,3.3028998
21448.pkl,3.0937119
10865.pkl,2.9037373
19699.pkl,3.3135211
20018.pkl,3.1692638
18587.pkl,3.0521965
17059.pkl,2.5049007
20187.pkl,3.1097636
19060.pkl,3.4959788
15672.pkl,2.874298
17703.pkl,2.91779
11366.pkl,3.0648036
18424.pkl,3.2079701
17071.pkl,2.8828053
16384.pkl,3.058393
21528.pkl,2.9491217
14593.pkl,2.8693185
15855.pkl,2.9869728
12684.pkl,3.0540404
17924.pkl,3.1917777
20622.pkl,3.193124
21500.pkl,3.0454202
18168.pkl,3.099915
13029.pkl,2.8953059
14020.pkl,3.1211412
12479.pkl,3.1776872
13773.pkl,2.4041297
17515.pkl,3.0577588
10291.pkl,3.6255674
14791.pkl,2.7988126
20420.pkl,2.433572
21070.pkl,3.0757616
21703.pkl,3.030055
18828.pkl,3.1327288
21071.pkl,3.2456982
19288.pkl,3.1103988
20421.pkl,3.1377726
10290.pkl,2.5022638
16839.pkl,3.6741548
16187.pkl,3.1832464
13766.pkl,3.2095103
12478.pkl,2.9116647
14021.pkl,2.953853
16636.pkl,3.452563
17528.pkl,3.0572207
10253.pkl,3.3460727
10535.pkl,3.1886315
21930.pkl,3.7320564
15868.pkl,3.2967277
19934.pkl,2.9520206
11398.pkl,3.0267918
20623.pkl,3.34292
15840.pkl,2.7877705
14586.pkl,3.1963902
20637.pkl,2.960074
10092.pkl,3.1432407
12685.pkl,2.9198346
10079.pkl,3.0230057
11367.pkl,3.0270474
11415.pkl,3.6849551
20810.pkl,3.1011682
19049.pkl,2.8491352
17702.pkl,3.1902232
11373.pkl,3.0271738
12652.pkl,2.4041297
14223.pkl,3.3765357
10723.pkl,3.2592785
14237.pkl,3.259899
16420.pkl,2.4041297
12915.pkl,3.7373326
14394.pkl,3.0394096
20031.pkl,2.9470098
22140.pkl,3.3564696
11575.pkl,2.8888626
20970.pkl,3.1975398
15707.pkl,3.0372176
11561.pkl,2.9448595
16568.pkl,3.2824907
12040.pkl,2.4051266
22197.pkl,2.9972093
21111.pkl,2.8927708
14800.pkl,3.21847
14828.pkl,2.9434226
11950.pkl,3.1115696
14196.pkl,3.090086
13821.pkl,3.7392387
13835.pkl,3.665181
20227.pkl,3.431785
12295.pkl,2.520465
11777.pkl,3.05578
18753.pkl,3.02098
11011.pkl,3.4713101
13612.pkl,3.444401
19317.pkl,3.0406191
22381.pkl,3.3862786
19471.pkl,3.0862312
12530.pkl,2.89539
11987.pkl,2.868746
17413.pkl,2.9327316
17375.pkl,3.5472527
11704.pkl,3.518802
15562.pkl,3.2438073
11710.pkl,3.1152403
13891.pkl,2.9647572
14898.pkl,3.4300478
18085.pkl,3.069219
10383.pkl,3.0535598
20240.pkl,3.7036016
16094.pkl,2.9273453
11937.pkl,3.067481
20254.pkl,3.138145
15760.pkl,3.1193385
18244.pkl,3.1122327
15006.pkl,2.9489863
11512.pkl,3.3306866
17163.pkl,3.1219287
18278.pkl,2.9518096
14442.pkl,3.2339647
14324.pkl,3.1203818
15990.pkl,3.0397444
18287.pkl,3.739142
19827.pkl,3.2195954
17188.pkl,3.2676785
20056.pkl,3.149828
14495.pkl,2.9695072
13265.pkl,3.707029
15172.pkl,2.9084086
12609.pkl,2.984773
17771.pkl,3.0642948
22084.pkl,3.0659125
13259.pkl,2.4041297
16447.pkl,3.0213962
11328.pkl,3.0704978
10036.pkl,2.9622464
19760.pkl,2.4655144
12153.pkl,3.3075948
19006.pkl,2.6656888
21572.pkl,3.025082
12812.pkl,3.2179832
20678.pkl,3.0444145
20888.pkl,2.9478505
10793.pkl,3.198102
10787.pkl,3.562966
15370.pkl,3.1595497
11670.pkl,3.142902
17201.pkl,3.3591971
11102.pkl,3.1024473
19576.pkl,3.299131
14734.pkl,3.1716983
10552.pkl,3.6763635
20491.pkl,3.0247657
11658.pkl,3.124288
21943.pkl,3.0075788
17229.pkl,2.9781573
22279.pkl,3.0964072
21764.pkl,2.4233074
18873.pkl,3.1604683
16686.pkl,3.2452352
20334.pkl,3.0195742
21980.pkl,3.067213
18867.pkl,2.9345698
13932.pkl,2.975595
12393.pkl,3.021687
20321.pkl,3.7093089
21765.pkl,2.9711924
16877.pkl,3.3735156
19588.pkl,2.9518876
21771.pkl,2.9449177
20484.pkl,3.0701044
21942.pkl,3.7231238
11659.pkl,2.493006
14053.pkl,2.977338
10235.pkl,2.4041297
11895.pkl,2.9734674
10553.pkl,3.2987325
17214.pkl,3.383735
13700.pkl,3.2352023
10792.pkl,2.5979702
12185.pkl,3.366054
20137.pkl,3.126453
21201.pkl,3.7034194
20679.pkl,2.9261937
21573.pkl,3.0397203
21215.pkl,2.8814445
12634.pkl,2.9870453
12152.pkl,3.0763705
11301.pkl,3.1943002
13516.pkl,3.123187
20876.pkl,2.9608939
11315.pkl,3.0124958
10194.pkl,3.7485547
14494.pkl,2.7329202
17189.pkl,2.8883877
22132.pkl,2.4041297
12797.pkl,3.406976
17837.pkl,3.7430704
21413.pkl,3.6347108
10802.pkl,2.9613938
19615.pkl,3.3712504
10631.pkl,3.5495603
19173.pkl,3.4956334
12032.pkl,3.5246532
14325.pkl,2.904056
15761.pkl,2.9729033
14319.pkl,3.6656215
12768.pkl,3.6293395
16903.pkl,3.1945915
10433.pkl,3.7174418
18709.pkl,3.2019424
15239.pkl,2.8691874
12556.pkl,3.6389787
20282.pkl,3.2031953
10427.pkl,2.9706545
17348.pkl,3.2854605
17412.pkl,2.8852167
15205.pkl,3.1908119
11075.pkl,3.1016545
21808.pkl,3.141224
11713.pkl,3.6232545
11049.pkl,3.0302806
15549.pkl,2.9914207
14657.pkl,3.1349497
14643.pkl,2.8812778
10425.pkl,3.2729166
16901.pkl,3.0638428
21607.pkl,3.0639274
18938.pkl,3.2412796
10394.pkl,2.4041297
18910.pkl,3.6502616
13845.pkl,3.370986
22326.pkl,2.9589782
20525.pkl,3.0867171
22332.pkl,3.6456718
10380.pkl,2.9877415
18904.pkl,2.9580855
18253.pkl,3.1790035
12018.pkl,3.2360282
17606.pkl,2.8067536
18535.pkl,3.5684233
12024.pkl,3.7048073
20928.pkl,3.2109318
14333.pkl,3.5865793
12756.pkl,3.081606
10627.pkl,3.2232966
14441.pkl,2.410963
12030.pkl,3.0967276
10800.pkl,3.0933676
16281.pkl,3.2719836
12959.pkl,3.1356163
17821.pkl,3.184001
20041.pkl,3.0534797
13514.pkl,3.037664
18333.pkl,3.2468064
20874.pkl,3.1722274
14521.pkl,2.8859804
19777.pkl,2.9467683
21203.pkl,3.6380446
20109.pkl,3.4177284
20653.pkl,3.2649403
10790.pkl,2.4041297
15367.pkl,3.3074958
14079.pkl,3.2193017
13070.pkl,3.099918
13058.pkl,3.36626
16120.pkl,3.5955658
11129.pkl,3.6026525
12420.pkl,3.2340846
21001.pkl,2.9978666
13931.pkl,2.9698586
14092.pkl,3.1150134
20337.pkl,3.1837137
21996.pkl,2.6912487
16684.pkl,3.6111217
18871.pkl,3.3071227
15399.pkl,3.0512643
16848.pkl,3.6803248
11699.pkl,3.663943
20444.pkl,2.8295503
14939.pkl,3.299681
21014.pkl,3.1568143
16121.pkl,3.020874
12347.pkl,2.6194685
11128.pkl,2.9040818
10236.pkl,3.059223
17559.pkl,2.956039
10222.pkl,3.141214
14722.pkl,3.4410386
21799.pkl,3.1238885
18642.pkl,3.5298748
22045.pkl,3.7020442
21216.pkl,3.1257057
10975.pkl,3.391063
17983.pkl,3.2555182
12623.pkl,3.081162
14534.pkl,3.3433795
19010.pkl,2.900278
14520.pkl,3.2689807
15158.pkl,3.2223613
18332.pkl,3.6341443
15616.pkl,2.9461231
17015.pkl,2.9380417
18440.pkl,3.4844022
13515.pkl,3.2862053
16294.pkl,3.055939
11289.pkl,2.4041297
19825.pkl,2.9205165
10801.pkl,2.4041297
13449.pkl,2.613617
15038.pkl,3.15537
17149.pkl,3.717805
20929.pkl,3.0379927
16243.pkl,3.4562654
12025.pkl,3.0315652
16525.pkl,3.0015283
20097.pkl,3.0614977
12019.pkl,3.134901
13307.pkl,3.153675
17607.pkl,3.0334516
16096.pkl,3.1963468
20242.pkl,2.8907714
12582.pkl,3.6770132
21148.pkl,3.7256598
19399.pkl,3.0990973
16914.pkl,2.9616046
18078.pkl,2.5799315
12233.pkl,3.1388083
16733.pkl,3.2635407
10356.pkl,3.2939951
13111.pkl,3.2660213
15560.pkl,3.6613457
17411.pkl,3.147573
18722.pkl,3.028266
15206.pkl,3.019845
18050.pkl,3.1523085
20285.pkl,2.5109236
13101.pkl,2.4041297
16079.pkl,3.2047362
18732.pkl,3.2080817
16086.pkl,3.2434726
16938.pkl,3.0240211
13698.pkl,3.1267264
16910.pkl,3.325135
15028.pkl,3.28627
12035.pkl,3.13015
14322.pkl,3.2431638
11272.pkl,3.2282085
20911.pkl,3.227728
11514.pkl,3.2844653
19148.pkl,2.9327073
14478.pkl,3.018224
18524.pkl,2.4041297
15000.pkl,2.9944434
17824.pkl,2.502163
15941.pkl,2.9693446
14487.pkl,3.1698883
10839.pkl,2.4041297
15969.pkl,2.9422226
21414.pkl,3.2207422
12974.pkl,3.553133
14242.pkl,3.122116
12633.pkl,3.2130356
10756.pkl,2.955122
14256.pkl,3.2861924
13511.pkl,2.9561577
20865.pkl,2.4041297
15606.pkl,2.9309688
18336.pkl,3.0487895
12828.pkl,2.806299
16496.pkl,2.9615755
20130.pkl,2.892568
17944.pkl,2.8940644
18487.pkl,3.214366
19941.pkl,2.4713764
12814.pkl,3.654097
21574.pkl,3.2832642
15809.pkl,3.7304997
21212.pkl,3.199047
14726.pkl,3.121492
19570.pkl,3.5041418
16125.pkl,3.4131746
21979.pkl,2.755586
12419.pkl,3.0890656
14068.pkl,2.80413
18652.pkl,2.9838605
17561.pkl,3.2446089
16119.pkl,2.9600425
20326.pkl,2.8691416
18875.pkl,2.8233442
11851.pkl,3.1257145
21992.pkl,3.611304
21004.pkl,2.9017992
11878.pkl,3.2151709
18684.pkl,3.2595005
16681.pkl,3.1779716
14096.pkl,3.206893
12395.pkl,2.4041297
15377.pkl,2.9386427
12418.pkl,3.715201
13060.pkl,2.4041297
17212.pkl,3.1971388
18121.pkl,3.0168386
16642.pkl,2.4644692
18109.pkl,3.0637994
16124.pkl,2.4355214
12356.pkl,3.3242664
21575.pkl,2.9966292
19968.pkl,2.5126643
17789.pkl,3.6785705
12829.pkl,3.1182117
12197.pkl,3.0445786
13504.pkl,2.8718345
18451.pkl,3.0563724
14519.pkl,3.2816284
11461.pkl,2.956011
18323.pkl,3.0433104
19015.pkl,3.2250183
10757.pkl,3.186134
12626.pkl,3.0347202
13538.pkl,2.7728055
10025.pkl,2.4081483
20858.pkl,3.1342223
10810.pkl,2.4419675
21415.pkl,3.1079316
20723.pkl,3.4405599
20051.pkl,3.2247267
10192.pkl,2.4041297
16285.pkl,2.901333
21429.pkl,2.985104
20737.pkl,2.5145752
18243.pkl,3.7331028
17170.pkl,3.6771054
20904.pkl,3.0120633
15767.pkl,2.4041297
13316.pkl,3.2998066
11267.pkl,2.8350184
10179.pkl,3.0918014
13464.pkl,2.9442468
13302.pkl,2.4041297
16520.pkl,3.006496
20092.pkl,2.7523792
11529.pkl,2.4427562
21165.pkl,2.8155406
16911.pkl,3.2558901
19388.pkl,3.2566438
18900.pkl,2.9409757
10384.pkl,3.0423033
12593.pkl,2.899405
13855.pkl,2.8210268
10390.pkl,3.1138582
11703.pkl,2.9561267
18055.pkl,2.8974452
10421.pkl,2.4787073
16044.pkl,3.1919146
21826.pkl,3.187214
18719.pkl,3.0051594
14123.pkl,2.958408
15229.pkl,3.374848
10351.pkl,2.4041297
15201.pkl,3.0619462
10379.pkl,2.4041297
22320.pkl,3.1837654
21167.pkl,2.8827302
12036.pkl,3.3672032
14453.pkl,3.2588325
19639.pkl,3.0128436
17166.pkl,3.3441372
15771.pkl,3.0864635
10184.pkl,3.008597
18282.pkl,3.1097338
20709.pkl,3.2327158
12624.pkl,3.0888925
10033.pkl,3.4138455
16324.pkl,2.9208407
22081.pkl,2.914996
22095.pkl,3.0386434
19003.pkl,3.2900128
17990.pkl,3.0163465
14269.pkl,3.1897917
16318.pkl,2.902437
11463.pkl,3.6313014
20866.pkl,3.181378
20899.pkl,2.9300144
18490.pkl,3.5327725
11649.pkl,3.369398
17238.pkl,3.0310423
14057.pkl,2.5507467
14043.pkl,3.0655015
10543.pkl,3.18666
15375.pkl,3.7946417
18645.pkl,3.5522954
15407.pkl,2.8959405
18123.pkl,3.1304202
22240.pkl,3.00184
14094.pkl,2.9425883
16683.pkl,3.2179341
12397.pkl,3.7040453
11846.pkl,3.0477293
20443.pkl,3.1175916
21013.pkl,3.1180496
16867.pkl,3.1825404
18692.pkl,3.3036637
21007.pkl,2.8901675
20318.pkl,3.0243607
16872.pkl,3.5416064
18693.pkl,2.9974077
18863.pkl,2.9858253
16696.pkl,3.226626
22255.pkl,3.0868165
11853.pkl,3.0730753
13711.pkl,3.017808
15360.pkl,2.9745665
15412.pkl,3.0016139
10224.pkl,3.1315753
21947.pkl,3.5419672
19943.pkl,2.828684
19957.pkl,3.0088804
18491.pkl,3.2788386
12802.pkl,2.4041297
17952.pkl,3.2280464
14297.pkl,3.1617622
15189.pkl,3.0259347
15604.pkl,2.9663486
20867.pkl,2.8636084
19980.pkl,3.0393157
17775.pkl,3.4677029
15176.pkl,3.1778383
13507.pkl,2.4041297
22094.pkl,2.8890936
11338.pkl,3.4832942
16443.pkl,2.7731547
17985.pkl,3.2443643
14254.pkl,3.200353
20697.pkl,3.2414494
21416.pkl,2.9760518
19189.pkl,3.0842297
19823.pkl,2.9994268
18283.pkl,3.1148984
14491.pkl,3.722811
16286.pkl,2.5533621
20734.pkl,3.0910776
10191.pkl,2.996353
21358.pkl,3.0931551
14485.pkl,3.2351599
12779.pkl,3.6407235
17173.pkl,2.8772771
20907.pkl,3.2580004
19610.pkl,3.6865926
19604.pkl,3.0201726
12037.pkl,3.7124002
14446.pkl,3.2957473
10620.pkl,2.798336
16912.pkl,2.4041297
14693.pkl,3.7337408
15214.pkl,3.6826851
18730.pkl,2.9743776
11700.pkl,3.4660716
13671.pkl,2.4041297
11728.pkl,3.0669835
19360.pkl,3.302382
13895.pkl,2.9955988
20287.pkl,2.8720858
16735.pkl,2.8885393
11043.pkl,2.4041297
13654.pkl,2.4125826
15543.pkl,2.5323384
17340.pkl,3.3308475
14891.pkl,3.5186133
10349.pkl,3.2190528
14107.pkl,2.9100647
19351.pkl,3.0017776
13697.pkl,2.965901
16089.pkl,3.6741161
13873.pkl,3.009036
22310.pkl,3.3894684
21619.pkl,3.1252112
18932.pkl,3.7436404
14339.pkl,3.6425984
21382.pkl,3.8126588
11255.pkl,3.3013034
15033.pkl,2.9334967
13324.pkl,2.4041297
19147.pkl,2.9321518
18259.pkl,3.0082476
17618.pkl,3.5138614
19635.pkl,3.0931132
13318.pkl,3.1024022
21355.pkl,2.9967737
20711.pkl,3.0492897
17750.pkl,2.9428742
10981.pkl,3.2435265
10771.pkl,3.1104531
19033.pkl,3.1963701
16466.pkl,2.9282055
12614.pkl,3.0232847
19999.pkl,3.2599144
10956.pkl,3.0713458
15190.pkl,3.22194
20671.pkl,2.9159372
17963.pkl,3.650866
16880.pkl,3.2465832
14729.pkl,2.8550024
13046.pkl,2.7212207
11889.pkl,3.0693867
18113.pkl,3.7267947
21786.pkl,3.6774893
15423.pkl,3.0489383
16894.pkl,2.9263499
16102.pkl,3.0303423
14701.pkl,3.1899188
16116.pkl,2.839622
20329.pkl,3.1489294
18852.pkl,3.1719007
11876.pkl,2.6864116
20300.pkl,3.0463314
19595.pkl,2.829087
11687.pkl,3.0752673
21750.pkl,3.2079403
17209.pkl,2.8306577
18884.pkl,2.4041297
10200.pkl,3.1918843
16665.pkl,3.044375
17235.pkl,2.9287927
15344.pkl,2.940468
18674.pkl,2.9952679
17221.pkl,3.2160363
21793.pkl,2.5375755
22073.pkl,2.89252
21208.pkl,3.1218612
15185.pkl,3.1075525
20894.pkl,3.1229572
11491.pkl,3.0245953
13286.pkl,3.1052027
17786.pkl,3.1214645
16473.pkl,3.2768269
17779.pkl,2.9828463
19754.pkl,2.8745363
14258.pkl,2.6825707
15620.pkl,3.2295277
10994.pkl,3.378912
20857.pkl,3.0378077
17023.pkl,3.2859514
20704.pkl,2.9293718
10189.pkl,3.4701295
21354.pkl,3.0673313
17180.pkl,3.111861
11283.pkl,3.1189377
19634.pkl,2.5344799
14462.pkl,2.8859136
14304.pkl,3.118762
13443.pkl,3.005585
15032.pkl,2.891723
17143.pkl,3.6551576
10638.pkl,3.1081955
11240.pkl,3.3192592
17631.pkl,2.7294664
20512.pkl,3.05786
21156.pkl,3.004931
16922.pkl,2.9316444
12588.pkl,2.4080935
21624.pkl,3.0303607
19436.pkl,3.0108309
14106.pkl,3.0027304
12211.pkl,3.694526
19344.pkl,3.0113568
14648.pkl,3.042387
13127.pkl,3.1889794
18714.pkl,3.1009405
13655.pkl,3.6055403
11724.pkl,3.5527017
18066.pkl,3.2513056
15542.pkl,3.0214846
21197.pkl,3.5887005
18716.pkl,3.0157952
18070.pkl,3.356227
13125.pkl,3.0085583
15540.pkl,3.18117
18702.pkl,2.964234
10376.pkl,3.0177813
14110.pkl,3.150348
16075.pkl,3.0183692
14662.pkl,3.1755729
16920.pkl,3.1211286
15597.pkl,3.101469
21632.pkl,3.1220527
17380.pkl,2.9453735
18919.pkl,3.2196593
11083.pkl,2.4041297
20262.pkl,2.5288513
14448.pkl,2.4041297
16539.pkl,3.2714272
13441.pkl,2.6735218
12987.pkl,3.6407547
20921.pkl,3.6377203
11524.pkl,3.6867585
10612.pkl,3.438343
12005.pkl,3.0333211
15018.pkl,3.4769886
14306.pkl,3.829063
10835.pkl,3.2647624
22139.pkl,3.30661
21356.pkl,3.1050313
21424.pkl,3.0291471
20712.pkl,2.7599297
19193.pkl,3.4730926
13253.pkl,2.4041297
11322.pkl,3.2298326
16459.pkl,3.2863355
12171.pkl,2.4041297
15178.pkl,2.9798362
14272.pkl,2.6697154
12165.pkl,2.9841347
20882.pkl,3.226488
10941.pkl,2.8813076
15839.pkl,3.2305753
20128.pkl,3.2233982
17784.pkl,2.9225159
21550.pkl,2.4041297
20666.pkl,3.2518435
19959.pkl,3.1925197
17960.pkl,3.0355577
12429.pkl,2.4041297
17551.pkl,2.6208413
11120.pkl,3.1268592
11646.pkl,3.2430701
10558.pkl,3.0978537
13051.pkl,3.1648602
10202.pkl,3.4303744
16101.pkl,2.9586978
17579.pkl,3.121657
10216.pkl,3.2841167
18892.pkl,3.2354548
17592.pkl,2.8122604
16854.pkl,3.1763272
20458.pkl,3.2542977
18845.pkl,3.27227
11861.pkl,3.120953
22273.pkl,3.0791187
18851.pkl,3.043599
21008.pkl,3.4090166
19597.pkl,3.7671063
11874.pkl,3.6730642
18688.pkl,2.7892244
13911.pkl,3.0041652
22272.pkl,2.6858532
11848.pkl,3.5147107
21974.pkl,3.0248277
17578.pkl,2.9139516
11653.pkl,2.5082655
22299.pkl,2.9754062
15435.pkl,3.27356
11121.pkl,3.3094425
17236.pkl,2.8969235
10559.pkl,3.1430297
21784.pkl,3.2211566
22070.pkl,3.0740073
19958.pkl,3.6781623
20897.pkl,2.9588199
22058.pkl,3.5606709
10940.pkl,3.190995
12602.pkl,3.56912
14273.pkl,3.2925575
18449.pkl,3.1744452
12164.pkl,3.6686242
10767.pkl,2.9347804
17008.pkl,3.1160138
19743.pkl,3.642271
13508.pkl,3.2622948
17746.pkl,2.9260237
13520.pkl,3.7183263
14529.pkl,3.2814887
20840.pkl,3.6868148
13534.pkl,3.1160164
18461.pkl,3.1757438
20075.pkl,3.120288
13497.pkl,3.224876
17197.pkl,3.6834297
21357.pkl,2.9718184
12945.pkl,3.3247476
14307.pkl,2.9165998
19145.pkl,2.8392332
14461.pkl,3.1248786
21380.pkl,2.4041297
11243.pkl,2.4041297
18501.pkl,2.7172265
17632.pkl,2.9467492
15743.pkl,2.9232554
18267.pkl,3.0384874
11525.pkl,2.7771163
20920.pkl,3.210645
12986.pkl,3.0921783
15031.pkl,3.0682616
11257.pkl,2.4041297
10149.pkl,3.1861074
18924.pkl,3.2205276
15582.pkl,3.3009453
20539.pkl,3.031301
21141.pkl,2.9963288
16935.pkl,2.936441
17381.pkl,3.189071
15596.pkl,2.8543289
14688.pkl,2.9144619
10405.pkl,2.992105
10363.pkl,3.6089067
14111.pkl,3.1595523
19353.pkl,3.12747
16060.pkl,3.2191067
13118.pkl,3.1490276
15227.pkl,2.9956417
14139.pkl,3.2223017
18703.pkl,2.945493
11041.pkl,2.5482924
18717.pkl,2.8792958
11055.pkl,3.4390383
15555.pkl,2.996087
17342.pkl,3.66702
10415.pkl,2.610986
16064.pkl,3.6647031
14115.pkl,2.6821597
12564.pkl,2.8893523
17408.pkl,3.0701118
17346.pkl,3.2080588
15237.pkl,2.8625655
20515.pkl,3.068411
14868.pkl,3.3891716
20501.pkl,2.9542017
21637.pkl,3.006356
10398.pkl,2.744629
21145.pkl,3.6579509
11938.pkl,2.4041297
13478.pkl,3.2575293
17178.pkl,2.6746147
14303.pkl,3.286025
11521.pkl,3.310438
17805.pkl,2.4817011
22114.pkl,2.9437475
13487.pkl,2.4041297
22128.pkl,3.5866861
14263.pkl,2.9190788
16312.pkl,2.725706
17018.pkl,3.0607564
16306.pkl,2.8755875
19753.pkl,2.9991364
10011.pkl,3.1806812
15169.pkl,3.057893
11327.pkl,3.4500434
16448.pkl,3.25631
17756.pkl,2.808052
18465.pkl,3.3167806
10987.pkl,3.6456134
10993.pkl,3.2501953
19009.pkl,2.935121
11455.pkl,2.4041297
17971.pkl,2.933776
19784.pkl,2.9113314
15800.pkl,2.9242606
20677.pkl,2.9797611
10944.pkl,2.931205
20893.pkl,3.6422052
17959.pkl,3.2759206
10561.pkl,2.4041297
10207.pkl,3.168503
12404.pkl,3.0044594
16104.pkl,2.7673812
19237.pkl,3.658644
13054.pkl,2.4041297
16886.pkl,3.1580243
13726.pkl,2.4041297
13040.pkl,2.4041297
15431.pkl,2.672063
21794.pkl,3.1647463
19586.pkl,3.253488
13097.pkl,3.1323884
21743.pkl,3.2995632
21757.pkl,3.141867
13083.pkl,2.4041297
18869.pkl,3.119103
21756.pkl,2.4041297
13096.pkl,3.2291121
11871.pkl,2.8771958
20474.pkl,2.9354632
18841.pkl,3.1006474
18672.pkl,3.4180465
13041.pkl,2.8558488
15424.pkl,3.081253
13055.pkl,3.1228535
17233.pkl,2.9622917
18896.pkl,2.7207885
19550.pkl,3.6518784
19236.pkl,3.1235003
16105.pkl,2.9948068
10560.pkl,2.9440145
17569.pkl,3.116567
10206.pkl,3.1091945
20892.pkl,3.289235
14289.pkl,2.4589229
22049.pkl,3.0991664
13294.pkl,2.4041297
11483.pkl,2.5971043
12808.pkl,3.0730944
17970.pkl,3.68352
10979.pkl,3.1224475
15801.pkl,2.8023386
11454.pkl,3.09416
11326.pkl,3.183126
17031.pkl,3.28519
10776.pkl,2.9783213
15168.pkl,2.7388754
13519.pkl,3.145258
12613.pkl,3.4733548
12798.pkl,2.4228022
16298.pkl,3.03161
15961.pkl,3.4012136
12029.pkl,2.9331903
12997.pkl,2.4219618
15020.pkl,3.3013432
18276.pkl,3.6083622
15752.pkl,3.4579496
14464.pkl,3.2673965
13479.pkl,3.4536052
14470.pkl,2.9284148
21144.pkl,3.010693
16930.pkl,3.22084
13684.pkl,3.2663815
11093.pkl,2.9813428
14882.pkl,2.9840913
17421.pkl,2.8973298
15236.pkl,3.050181
16071.pkl,3.0099845
21811.pkl,2.6257374
12565.pkl,2.6965933
17379.pkl,3.1657472
13137.pkl,3.1447906
21185.pkl,2.970886
11052.pkl,2.4041297
18076.pkl,3.0029593
19383.pkl,3.25912
20264.pkl,2.8594801
19397.pkl,2.8964407
21620.pkl,3.7523475
13692.pkl,3.0025454
20258.pkl,3.4004607
13686.pkl,2.9970114
14857.pkl,3.211801
16098.pkl,3.0883908
17386.pkl,3.2750719
16517.pkl,2.9553654
19142.pkl,2.8929365
14472.pkl,3.4845715
11244.pkl,2.8178809
15036.pkl,2.9059033
20714.pkl,3.2322972
13490.pkl,2.5061297
10833.pkl,3.1107042
15793.pkl,3.3138666
11293.pkl,2.9518871
16305.pkl,2.9545412
13527.pkl,3.7040315
14248.pkl,3.3115497
19778.pkl,3.0276523
20112.pkl,3.2052553
19793.pkl,2.9677606
22063.pkl,2.4068415
21218.pkl,3.3242555
19977.pkl,3.0208516
20648.pkl,2.4041297
13296.pkl,2.4041297
12836.pkl,3.1650102
19234.pkl,3.62609
12361.pkl,3.0964599
19552.pkl,3.2341766
10204.pkl,3.0704598
18880.pkl,3.7009108
13043.pkl,3.1872506
15432.pkl,3.2738364
13731.pkl,3.6777847
17557.pkl,2.8742616
11898.pkl,2.4041297
11873.pkl,3.3274577
21768.pkl,3.172876
20304.pkl,3.0485497
10589.pkl,3.1926794
13080.pkl,3.105652
14089.pkl,3.0266192
15397.pkl,3.2732182
17580.pkl,3.22163
21026.pkl,2.9778962
22249.pkl,2.9873688
21027.pkl,3.296161
15396.pkl,3.6571174
13903.pkl,3.145792
16648.pkl,3.1519635
17556.pkl,3.2106173
15427.pkl,2.602504
17230.pkl,3.245048
11641.pkl,3.4770532
13042.pkl,3.0032797
15355.pkl,3.209266
12412.pkl,2.4041297
21966.pkl,3.066161
12189.pkl,2.4172347
11480.pkl,3.5301113
21231.pkl,3.7663987
17783.pkl,3.3908725
20649.pkl,3.2085304
11494.pkl,3.1062708
21557.pkl,3.131081
20661.pkl,3.3604074
20113.pkl,3.152224
20675.pkl,2.4041297
21580.pkl,3.013705
22089.pkl,2.4554
17998.pkl,2.9998565
15157.pkl,3.0966587
14249.pkl,3.0587285
10749.pkl,3.2145016
16310.pkl,2.9254816
11319.pkl,2.4065351
12604.pkl,2.4111254
15976.pkl,2.433144
10629.pkl,3.0718958
12758.pkl,3.2787476
18513.pkl,2.4048648
18507.pkl,2.9485884
12770.pkl,3.673689
16516.pkl,3.159583
17608.pkl,3.1918159
19143.pkl,3.1788626
14467.pkl,2.6109207
21635.pkl,3.3835769
15590.pkl,3.2833939
13693.pkl,3.1384614
20503.pkl,2.4321563
19382.pkl,2.453904
22314.pkl,3.2770863
18922.pkl,3.118308
20265.pkl,3.2315383
13644.pkl,2.9589093
11735.pkl,3.414344
17344.pkl,3.2593677
18063.pkl,3.2025497
14659.pkl,3.3466277
10359.pkl,3.231484
17436.pkl,3.116259
13678.pkl,3.644361
21812.pkl,3.1464348
14665.pkl,3.2104406
21806.pkl,2.9695451
16029.pkl,3.2320275
15520.pkl,3.0849876
13637.pkl,3.174927
15252.pkl,3.1478114
17323.pkl,2.8964236
14602.pkl,3.1509948
16773.pkl,3.135325
14170.pkl,2.9537106
10316.pkl,3.1246057
14616.pkl,2.9948246
16798.pkl,3.710339
22401.pkl,2.4154396
20570.pkl,3.1499925
20799.pkl,2.9571629
12059.pkl,3.2335696
11236.pkl,3.280625
13409.pkl,3.2269912
19642.pkl,3.2742698
19130.pkl,3.3261018
16565.pkl,3.3011932
19865.pkl,3.5550926
12924.pkl,2.9774935
12918.pkl,3.1022058
12139.pkl,3.1498127
14548.pkl,2.5878558
17041.pkl,3.647265
18366.pkl,2.9735298
17733.pkl,2.585669
14212.pkl,3.2965515
10074.pkl,2.9440036
10712.pkl,3.0831618
12844.pkl,2.4485147
11395.pkl,3.0118952
22039.pkl,3.1991844
15695.pkl,3.6325152
21524.pkl,3.1781807
22005.pkl,2.9138856
10909.pkl,3.3802514
15454.pkl,3.1550636
14038.pkl,3.0540311
13031.pkl,3.1805453
14986.pkl,3.091425
15440.pkl,2.5013957
11626.pkl,3.0486574
18158.pkl,3.0058742
17280.pkl,2.9526114
16820.pkl,2.9515982
21040.pkl,3.270008
13970.pkl,3.6663306
20404.pkl,3.7133937
20363.pkl,2.4041297
22206.pkl,3.211163
20377.pkl,3.2736604
13965.pkl,3.0186245
13795.pkl,3.0161662
21733.pkl,3.6230648
17281.pkl,3.1982698
14788.pkl,3.279313
10288.pkl,2.4428012
19521.pkl,3.1581461
13018.pkl,3.1171007
10277.pkl,3.095495
10539.pkl,3.1232305
21928.pkl,3.083868
18617.pkl,2.9717069
20607.pkl,3.077335
17915.pkl,3.2858372
12879.pkl,3.1899815
21525.pkl,3.2147455
15680.pkl,3.1613739
21257.pkl,3.3140292
21531.pkl,2.976926
17068.pkl,3.658206
13568.pkl,2.9547682
18367.pkl,3.0657153
17726.pkl,3.2510333
13226.pkl,3.1140926
12138.pkl,3.0547569
20773.pkl,3.000647
22170.pkl,2.9319584
20997.pkl,3.4349084
22158.pkl,3.0615726
17685.pkl,3.7403202
17691.pkl,2.9369602
17849.pkl,3.653345
10840.pkl,2.9393835
21445.pkl,3.2009048
13408.pkl,3.5035334
12070.pkl,3.0961406
12058.pkl,3.1989574
14429.pkl,3.2084484
11237.pkl,3.1958544
15045.pkl,3.147774
17652.pkl,3.2089741
10883.pkl,2.9657638
22400.pkl,3.603622
13805.pkl,3.1405406
18788.pkl,3.2657018
22366.pkl,3.2978916
20565.pkl,2.9972322
20203.pkl,3.1657057
13839.pkl,3.7734265
11790.pkl,2.4041297
10317.pkl,3.0463977
11009.pkl,3.3124266
14171.pkl,2.982392
19327.pkl,3.325593
21860.pkl,3.3847952
18039.pkl,2.9647324
15253.pkl,3.7158277
18011.pkl,3.8231807
18005.pkl,2.7111406
16996.pkl,2.430155
11021.pkl,3.1573343
12258.pkl,3.0635252
11989.pkl,2.995833
11751.pkl,3.0644345
16758.pkl,3.5550137
11745.pkl,2.9247162
15523.pkl,3.2430568
12264.pkl,3.0416512
10315.pkl,3.1100473
10467.pkl,3.270557
17491.pkl,2.829962
14198.pkl,2.9368978
22364.pkl,3.1843212
20215.pkl,3.1744142
20567.pkl,3.7129707
15053.pkl,3.284153
10895.pkl,2.998479
21490.pkl,2.5305533
11553.pkl,3.1622343
13344.pkl,3.067378
11547.pkl,3.1257067
18563.pkl,2.5324774
13436.pkl,2.4041297
17678.pkl,3.2394457
11209.pkl,2.6448648
14417.pkl,3.174354
19127.pkl,2.9293976
14365.pkl,3.2529278
19641.pkl,2.968256
12927.pkl,2.4041297
12099.pkl,2.7552218
21447.pkl,3.1437302
11584.pkl,3.2144184
21309.pkl,3.2323651
13556.pkl,3.2778783
15127.pkl,3.0225587
21282.pkl,3.6433556
20822.pkl,2.9526272
18417.pkl,3.049337
10711.pkl,3.3621147
14577.pkl,2.9577267
11382.pkl,3.0958161
13595.pkl,2.9059172
15682.pkl,3.1668408
17095.pkl,3.6444378
21255.pkl,3.2372649
15872.pkl,3.2704613
20177.pkl,2.8641562
11625.pkl,2.9805372
18601.pkl,3.2297864
11143.pkl,3.1348407
17526.pkl,3.1636229
11631.pkl,3.4907176
10507.pkl,2.758634
16604.pkl,2.9633968
12462.pkl,3.2655993
12304.pkl,2.728935
10513.pkl,2.4041297
21916.pkl,3.4087677
17297.pkl,3.6084146
13797.pkl,2.9681087
17283.pkl,2.8868346
18198.pkl,3.3323486
13967.pkl,3.676135
21718.pkl,2.7799394
18199.pkl,3.0935626
15481.pkl,3.6008065
21724.pkl,2.6948085
21042.pkl,3.525619
12311.pkl,3.2032487
14760.pkl,3.4062362
10506.pkl,3.0225854
11618.pkl,3.573225
19244.pkl,3.0649157
16611.pkl,3.1952305
16639.pkl,3.1067986
13741.pkl,3.6242018
17241.pkl,3.2464714
19913.pkl,2.9391553
13594.pkl,3.2002296
21240.pkl,3.6660316
19052.pkl,3.267333
19734.pkl,3.0357358
16407.pkl,3.0424097
12661.pkl,3.075274
19720.pkl,2.8528411
14562.pkl,2.9934883
18370.pkl,3.2282188
19708.pkl,2.4041297
14238.pkl,2.8487966
15898.pkl,2.9599252
16349.pkl,2.4373193
11426.pkl,3.3254135
18364.pkl,3.1783247
15907.pkl,3.475594
15913.pkl,3.2383747
20980.pkl,3.515377
12932.pkl,2.9777482
11591.pkl,3.3078852
10857.pkl,3.0821881
19640.pkl,3.8386397
19654.pkl,3.205129
10116.pkl,3.2500744
13379.pkl,3.1932182
10658.pkl,3.086692
13437.pkl,2.94796
12729.pkl,2.9670897
22198.pkl,3.0736618
18210.pkl,3.068332
18947.pkl,2.919902
19481.pkl,3.0089667
20214.pkl,3.3013225
14827.pkl,3.1003847
21650.pkl,3.6598387
10466.pkl,3.7072144
19330.pkl,2.8794715
10472.pkl,2.9491937
12503.pkl,3.107345
14172.pkl,3.2482424
19318.pkl,3.0325384
18994.pkl,3.366534
12275.pkl,3.139161
10462.pkl,2.923811
19320.pkl,2.8804483
18980.pkl,3.2144442
14162.pkl,3.251253
16985.pkl,3.0587199
13625.pkl,3.0139363
18016.pkl,3.1019034
18002.pkl,3.296721
19491.pkl,2.9387574
21668.pkl,3.127101
11967.pkl,2.4041297
21132.pkl,3.5697346
10489.pkl,2.9770012
14837.pkl,3.0049222
21126.pkl,3.1092973
19136.pkl,3.2084904
11556.pkl,2.962778
10890.pkl,2.8272548
18214.pkl,2.9715555
17127.pkl,3.0655336
12739.pkl,2.4602795
18566.pkl,3.0939178
10884.pkl,2.4041297
18200.pkl,2.9341002
20012.pkl,3.1336498
20006.pkl,3.0179756
15903.pkl,2.8360658
13382.pkl,3.536518
20748.pkl,3.2018588
15095.pkl,3.2622333
17696.pkl,3.0623074
15678.pkl,3.1750178
16371.pkl,2.9219081
20827.pkl,3.0298917
15122.pkl,3.770238
18406.pkl,3.1942291
21278.pkl,3.4032764
17906.pkl,2.9882786
10099.pkl,3.2971098
19526.pkl,2.872118
14770.pkl,3.0200434
18604.pkl,2.995391
15320.pkl,2.4380877
13751.pkl,3.0320137
11620.pkl,3.036817
22201.pkl,3.319092
13962.pkl,2.8823097
21720.pkl,3.6831038
11191.pkl,3.3607538
14942.pkl,2.900813
15484.pkl,3.2760615
17293.pkl,3.4606588
13963.pkl,3.5326185
20365.pkl,3.5196624
20403.pkl,3.5867043
21084.pkl,3.6554213
10259.pkl,2.5417588
18163.pkl,3.234861
17250.pkl,3.1565647
15447.pkl,2.9239979
12466.pkl,2.4041297
16600.pkl,3.4739113
10271.pkl,3.1619465
16614.pkl,3.1067247
19527.pkl,3.2012644
21906.pkl,3.0531447
17085.pkl,2.9708946
13591.pkl,2.4041297
19902.pkl,2.9246013
20615.pkl,3.1622376
15862.pkl,3.246555
19080.pkl,3.5871706
12658.pkl,3.5807266
11351.pkl,3.2475796
16358.pkl,2.9486315
11423.pkl,3.5342987
17052.pkl,3.1110027
20198.pkl,3.2053578
14567.pkl,3.1750853
14201.pkl,3.0042355
10067.pkl,3.0566068
16416.pkl,2.6136158
11379.pkl,3.149705
12937.pkl,3.1659713
10846.pkl,3.120769
17873.pkl,3.357814
20775.pkl,3.3767738
18215.pkl,3.0867434
18573.pkl,3.2513812
12710.pkl,2.404661
16210.pkl,2.8658698
16204.pkl,3.2514706
12704.pkl,3.5054696
16562.pkl,2.9138887
16953.pkl,3.1959827
11796.pkl,2.4041297
18956.pkl,3.0194407
20577.pkl,3.3450518
14639.pkl,3.409042
17330.pkl,3.141532
15255.pkl,3.0254123
13624.pkl,2.9212418
19309.pkl,3.0435264
20588.pkl,3.0098646
14605.pkl,3.1952877
19453.pkl,2.913605
19445.pkl,2.9732366
21870.pkl,3.2568982
14175.pkl,2.6316214
16762.pkl,3.7644298
19451.pkl,2.9559197
13154.pkl,3.160449
16986.pkl,2.763284
14149.pkl,3.229571
18798.pkl,3.0174217
18940.pkl,3.2477005
11970.pkl,2.9613502
21125.pkl,2.986792
21657.pkl,2.9847507
21131.pkl,3.6801925
10663.pkl,3.2729812
14377.pkl,2.6803133
14411.pkl,3.430944
19135.pkl,3.6665163
14439.pkl,2.6763253
13430.pkl,3.2173846
21333.pkl,3.7503576
12921.pkl,3.6916695
13578.pkl,3.168081
15653.pkl,3.026382
12882.pkl,2.4041297
11347.pkl,3.2730083
21284.pkl,2.8916173
18405.pkl,2.879829
20824.pkl,2.983853
13236.pkl,3.1606011
19096.pkl,3.2018743
19928.pkl,3.0048678
20603.pkl,2.8825698
10924.pkl,3.093771
12470.pkl,3.011025
10267.pkl,3.5783286
12458.pkl,2.7861338
14029.pkl,3.026562
10529.pkl,2.4041297
13034.pkl,3.5454204
21086.pkl,3.1162817
20401.pkl,2.9157467
11804.pkl,3.1356645
14954.pkl,3.0095344
17291.pkl,2.8764093
11839.pkl,3.074449
13784.pkl,3.1553411
11193.pkl,3.148813
15493.pkl,2.9686704
18821.pkl,3.2450752
14982.pkl,3.6869264
13753.pkl,2.7209768
11144.pkl,3.2711072
11150.pkl,2.7243543
17521.pkl,3.1026425
10528.pkl,3.1258984
11636.pkl,2.4041297
12317.pkl,3.1230383
13009.pkl,2.971708
19242.pkl,3.1434197
14000.pkl,3.1402872
15691.pkl,2.4041297
15849.pkl,3.3132675
12868.pkl,2.4041297
19929.pkl,3.2925088
20170.pkl,2.983059
17737.pkl,3.332282
13551.pkl,3.0904288
13237.pkl,2.4041297
15646.pkl,3.1250806
17723.pkl,3.3165836
16367.pkl,3.3042517
19054.pkl,2.8372633
15108.pkl,3.080811
15097.pkl,2.7702522
21332.pkl,3.651176
10851.pkl,3.07268
11583.pkl,2.4068618
15901.pkl,3.714664
19685.pkl,2.814397
17643.pkl,2.9200382
20789.pkl,2.9286184
17125.pkl,3.0018125
20951.pkl,2.953637
17131.pkl,3.1159115
10886.pkl,3.3886738
11540.pkl,3.0015256
15726.pkl,2.497964
17657.pkl,3.0461597
15068.pkl,3.0533648
10110.pkl,2.4041297
16213.pkl,3.3878863
21130.pkl,3.2261245
17482.pkl,3.3090415
13828.pkl,3.7091677
22411.pkl,3.165121
11756.pkl,3.2567565
18766.pkl,2.9404685
11024.pkl,3.5256286
17333.pkl,3.0328448
18028.pkl,2.9774704
14174.pkl,2.92654
14160.pkl,2.9523225
10306.pkl,3.676218
16777.pkl,3.2060513
19322.pkl,3.629542
